{
  "membership": {
    "total_users": 8,
    "active_scouts": 2,
    "pending_scouts": 0,
    "inactive_scouts": 3,
    "admin_count": 2,
    "active_percentage": 25.0
  },
  "payments": {
    "total_payments": 1,
    "verified_payments": 1,
    "pending_payments": 0,
    "failed_payments": 0,
    "total_revenue": 500.0,
    "average_payment": 500.0,
    "success_rate": 100.0,
    "paymongo_payments": 1,
    "paymongo_verified": 1,
    "paymongo_success_rate": 100.0
  },
  "events": {
    "total_events": 6,
    "upcoming_events": 0,
    "past_events": 6,
    "total_registrations": 5,
    "paid_registrations": 1,
    "free_registrations": 4,
    "pending_event_payments": 0,
    "avg_registrations_per_event": 0.83,
    "event_revenue": 0.0,
    "event_qr_payments": 1
  },
  "attendance": {
    "total_records": 3,
    "present": 3,
    "absent": 0,
    "excused": 0,
    "attendance_rate": 100.0
  },
  "announcements": {
    "total_announcements": 5,
    "total_reads": 5,
    "total_recipients": 7,
    "average_read_rate": 71.43,
    "announcement_details": [
      {
        "title": "First Aid Training Registration Open",
        "reads": 1,
        "recipients": 1,
        "read_rate": 100.0,
        "date": "2025-07-13"
      },
      {
        "title": "Community Service Day - This Saturday",
        "reads": 1,
        "recipients": 1,
        "read_rate": 100.0,
        "date": "2025-07-13"
      },
      {
        "title": "Test",
        "reads": 2,
        "recipients": 2,
        "read_rate": 100.0,
        "date": "2025-08-10"
      },
      {
        "title": "HEHEHEH",
        "reads": 1,
        "recipients": 2,
        "read_rate": 50.0,
        "date": "2025-08-07"
      },
      {
        "title": "Important: Upcoming Camping Trip",
        "reads": 0,
        "recipients": 1,
        "read_rate": 0.0,
        "date": "2025-07-13"
      }
    ]
  },
  "calendar": {
    "total_events_displayed": 6,
    "paid_events": 2,
    "free_events": 0,
    "recent_events": 6,
    "total_registrations": 5,
    "avg_registrations_per_event": 0.83
  },
  "system_integration": {
    "total_transactions": 2,
    "successful_transactions": 1,
    "transaction_success_rate": 50.0,
    "total_revenue": 500.0
  }
}